Rating,Score
RPG性,0.6602648496627808
アクション性,0.5915860533714294
パズル性,0.5985833406448364
報酬の程度,0.0
グラフィックのリアル性,0.585990309715271
音響効果,0.5608630776405334
世界観の仮想・現実性,0.0
キャラクターの知名度,0.5887166261672974
文化の異質・同質感,0.5063190460205078
操作のリアクション,0.0
遂行時間の長さ,0.5421643257141113
シナリオの重要度,0.6659013032913208
参加人数の多さ,0.5706080794334412
ハードウェア普及度,0.6316941976547241
