Rating,Score
RPG性,0.6134920716285706
アクション性,0.5893797874450684
パズル性,0.5519126653671265
報酬の程度,0.0
グラフィックのリアル性,0.6076797246932983
音響効果,0.6057690382003784
世界観の仮想・現実性,0.6194987297058105
キャラクターの知名度,0.6068887710571289
文化の異質・同質感,0.5386492013931274
操作のリアクション,0.6287282705307007
遂行時間の長さ,0.7373425960540771
シナリオの重要度,0.5671970844268799
参加人数の多さ,0.6166343092918396
ハードウェア普及度,0.5578509569168091
