game_title,RPG性,アクション性,パズル性,報酬の程度,グラフィックのリアル性,音響効果,世界観の仮想・現実性,キャラクターの知名度,文化の異質・同質感,操作のリアクション,遂行時間の長さ,シナリオの重要度,参加人数の多さ,ハードウェア普及度
apexledgend,0.6602648496627808,0.5915860533714294,0.5985833406448364,0.0,0.585990309715271,0.5608630776405334,0.0,0.5887166261672974,0.5063190460205078,0.0,0.5421643257141113,0.6659013032913208,0.5706080794334412,0.6316941976547241
genisn,0.6544213,0.6015816,0.53121394,0.53246,0.5632649,0.54941064,0.6136215,0.6258353,0.62179035,0.613882,0.76407474,0.6048288,0.57460576,0.59016633
minecraft,0.586915,0.55004895,0.55284464,0.6785068,0.59023947,0.61016107,0.67929393,0.5617376,0.6504476,0.7117253,0.76101154,0.57650113,0.579298,0.61248434
Overwatch2,0.63920194,0.59276164,0.5551696,0.50262475,0.57378745,0.5475339,0.5759819,0.6667029,0.59349036,0.62943906,0.52574646,0.6055383,0.62643856,0.5534388
spratoon,0.6134920716285706,0.5893797874450684,0.5519126653671265,0.0,0.6076797246932983,0.6057690382003784,0.6194987297058105,0.6068887710571289,0.5386492013931274,0.6287282705307007,0.7373425960540771,0.5671970844268799,0.6166343092918396,0.5578509569168091
valorant,0.64295954,0.5574548,0.54583263,0.5064342,0.620568,0.5657708,0.6796628,0.67420876,0.601485,0.62550163,0.85745406,0.5717993,0.59247977,0.60671246
escapefromtarkov,0.6331124,0.59417737,0.5472476,0.54366493,0.5775924,0.54863244,0.61829734,0.580657,0.5730619,0.60430986,0.7503238,0.6223949,0.5824011,0.6022731

