Rating,Score
RPG性,0.6602648496627808
アクション性,0.5885520577430725
パズル性,0.5985833406448364
報酬の程度,0.0
グラフィックのリアル性,0.5938335657119751
音響効果,0.0
世界観の仮想・現実性,0.6142098903656006
キャラクターの知名度,0.6396766304969788
文化の異質・同質感,0.0
操作のリアクション,0.0
遂行時間の長さ,0.5191689729690552
シナリオの重要度,0.6659013032913208
参加人数の多さ,0.5464257001876831
ハードウェア普及度,0.5468952059745789
