Rating,Score
RPG性,0.6591674
アクション性,0.5826363
パズル性,0.549893
報酬の程度,1.0
グラフィックのリアル性,0.5874109
音響効果,0.56783336
世界観の仮想・現実性,0.71466076
キャラクターの知名度,0.6250623
文化の異質・同質感,0.5976567
操作のリアクション,0.6967852
遂行時間の長さ,0.786181
シナリオの重要度,0.621478
参加人数の多さ,0.5507808
ハードウェア普及度,0.6201599
