Rating,Score
RPG性,0.59543025
アクション性,0.6001378
パズル性,0.529655
報酬の程度,0.50069594
グラフィックのリアル性,0.64196396
音響効果,0.5810979
世界観の仮想・現実性,0.9999999
キャラクターの知名度,0.60434836
文化の異質・同質感,0.5598522
操作のリアクション,0.6748035
遂行時間の長さ,0.75760484
シナリオの重要度,0.6135564
参加人数の多さ,0.54246706
ハードウェア普及度,0.6127963
