Rating,Score
RPG性,0.5829942226409912
アクション性,0.560767412185669
パズル性,0.5992268323898315
報酬の程度,0.0
グラフィックのリアル性,0.5689709782600403
音響効果,0.5112998485565186
世界観の仮想・現実性,0.7605488300323486
キャラクターの知名度,0.5962317585945129
文化の異質・同質感,0.6192877888679504
操作のリアクション,0.8466501832008362
遂行時間の長さ,0.7790210247039795
シナリオの重要度,0.5696226954460144
参加人数の多さ,0.6691865921020508
ハードウェア普及度,0.5452766418457031
