Session_ID,True_Emotion,Duration_Mean,Delay_Mean,APM,Duration_Var,Stop_Ratio
S002_zunou,難解・頭脳型,0.15055882352941174,0.3678382352941176,136.0,0.0005249964881474978,0.6587333333333334
S001_zunou,難解・頭脳型,0.14586153846153846,0.497076923076923,130.0,0.0006621836538461538,0.6839666666666666
S001_kankaku,感覚運動的興奮,0.1610574712643678,0.2660229885057471,174.0,0.0008973803795776532,0.5329333333333334
S001_kankaku,感覚運動的興奮,0.1533235294117647,0.35066176470588234,136.0,0.0011281027216856893,0.6524666666666668
S001_settei,設定状況の魅力,0.15131632653061225,0.20640816326530614,196.0,0.000829352514201557,0.5056999999999999
S001_settei,設定状況の魅力,0.1560135135135135,0.36141891891891886,148.0,0.0008325066641984449,0.6151666666666666

